City_ID,City,Country,Date,Lat,Lng,Max Temp,Humidity,Cloudiness,Wind Speed
0,Arraial Do Cabo,BR,2021-02-06 23:31:28,-22.9661,-42.0278,75.58,83,100,5.23
1,Malanje,AO,2021-02-06 23:31:28,-9.5402,16.341,64.38,97,100,2.51
2,Puerto Ayora,EC,2021-02-06 23:31:28,-0.7393,-90.3518,86.0,62,0,16.11
3,Ushuaia,AR,2021-02-06 23:31:28,-54.8,-68.3,51.8,76,40,21.85
4,Natchez,US,2021-02-06 23:28:02,31.5604,-91.4032,51.8,87,90,5.75
5,Tres Lagoas,BR,2021-02-06 23:31:29,-20.7511,-51.6783,70.09,76,0,4.61
6,Port Macquarie,AU,2021-02-06 23:31:09,-31.4333,152.9167,81.0,73,52,1.99
7,Hermanus,ZA,2021-02-06 23:31:29,-34.4187,19.2345,68.0,89,80,2.91
8,Saldanha,ZA,2021-02-06 23:31:30,-33.0117,17.9442,64.4,82,13,3.44
9,Hobart,AU,2021-02-06 23:31:31,-42.8794,147.3294,64.99,59,75,13.8
10,Kodiak,US,2021-02-06 23:31:31,57.79,-152.4072,39.2,56,20,4.61
11,Busselton,AU,2021-02-06 23:31:24,-33.65,115.3333,59.0,98,100,1.01
12,Lata,PT,2021-02-06 23:31:31,40.1629,-8.3327,51.01,81,49,3.0
13,Port Alfred,ZA,2021-02-06 23:31:25,-33.5906,26.891,68.0,89,43,3.0
14,Avera,US,2021-02-06 23:31:32,33.194,-82.5271,42.8,90,90,8.05
15,Albany,US,2021-02-06 23:27:43,42.6001,-73.9662,28.4,43,1,9.22
16,Qaanaaq,GL,2021-02-06 23:31:32,77.484,-69.3632,10.09,86,99,7.31
17,Georgetown,MY,2021-02-06 23:28:49,5.4112,100.3354,80.01,83,20,1.14
18,Hithadhoo,MV,2021-02-06 23:31:32,-0.6,73.0833,81.75,74,22,13.33
19,Lebu,CL,2021-02-06 23:31:33,-37.6167,-73.65,59.4,91,56,3.29
20,Punta Arenas,CL,2021-02-06 23:31:24,-53.15,-70.9167,55.4,58,40,23.02
21,Lahat,ID,2021-02-06 23:31:34,-3.8,103.5333,73.81,92,94,2.53
22,Butaritari,KI,2021-02-06 23:31:25,3.0707,172.7902,81.21,80,92,20.56
23,Cidreira,BR,2021-02-06 23:31:34,-30.1811,-50.2056,69.48,75,28,3.8
24,Yulara,AU,2021-02-06 23:31:27,-25.2406,130.9889,78.8,29,1,18.41
25,Harqalah,TN,2021-02-06 23:31:34,36.0303,10.509,64.99,77,0,2.3
26,Khatanga,RU,2021-02-06 23:31:34,71.9667,102.5,-35.75,78,0,8.12
27,New Norfolk,AU,2021-02-06 23:30:57,-42.7826,147.0587,64.99,58,63,3.0
28,Port Elizabeth,ZA,2021-02-06 23:27:46,-33.918,25.5701,68.0,77,0,12.66
29,East London,ZA,2021-02-06 23:31:31,-33.0153,27.9116,74.75,91,10,10.83
30,Henties Bay,NA,2021-02-06 23:31:38,-22.116,14.2845,64.0,89,33,1.99
31,Khandyga,RU,2021-02-06 23:31:39,62.6667,135.6,-24.61,86,99,2.17
32,Naze,JP,2021-02-06 23:31:39,28.3667,129.4833,64.4,68,75,4.61
33,Amarante Do Maranhao,BR,2021-02-06 23:31:39,-5.5667,-46.7422,73.78,81,7,2.68
34,Bambous Virieux,MU,2021-02-06 23:31:34,-20.3428,57.7575,77.0,83,20,3.44
35,Kaitangata,NZ,2021-02-06 23:31:39,-46.2817,169.8464,64.99,75,3,4.0
36,Guerrero Negro,MX,2021-02-06 23:31:22,27.9769,-114.0611,69.21,40,0,11.27
37,Tuatapere,NZ,2021-02-06 23:31:40,-46.1333,167.6833,71.08,47,0,3.24
38,Mataura,NZ,2021-02-06 23:31:40,-46.1927,168.8643,77.25,50,0,2.44
39,Thompson,CA,2021-02-06 23:31:40,55.7435,-97.8558,-25.6,62,75,13.8
40,Vilcun,CL,2021-02-06 23:31:40,-38.65,-72.2333,64.4,82,0,11.5
41,Jamestown,US,2021-02-06 23:31:40,42.097,-79.2353,17.6,53,1,6.91
42,Hokitika,NZ,2021-02-06 23:31:41,-42.7167,170.9667,66.06,68,3,6.51
43,Saskylakh,RU,2021-02-06 23:31:41,71.9167,114.0833,-41.35,78,42,7.58
44,Vaini,TO,2021-02-06 23:31:41,-21.2,-175.2,84.2,84,75,11.5
45,Ati,TD,2021-02-06 23:31:41,13.2154,18.3353,65.05,24,22,11.12
46,Borova,UA,2021-02-06 23:31:41,50.1763,30.1043,12.2,73,90,8.95
47,Woodward,US,2021-02-06 23:31:41,36.4337,-99.3904,33.8,74,90,14.97
48,Carman,CA,2021-02-06 23:31:41,49.4992,-98.0016,-13.0,53,98,10.36
49,Faya,SA,2021-02-06 23:31:43,18.3851,42.4509,48.2,76,0,2.64
50,Buala,SB,2021-02-06 23:31:43,-8.145,159.5921,81.1,78,95,8.55
51,Ixtapa,MX,2021-02-06 23:31:43,20.7,-105.2,75.2,69,75,10.36
52,Souillac,MU,2021-02-06 23:31:43,-20.5167,57.5167,77.0,83,20,3.44
53,Balkanabat,TM,2021-02-06 23:31:36,39.5108,54.3671,48.79,60,99,8.55
54,Digby,CA,2021-02-06 23:30:49,44.6169,-65.7655,37.4,86,86,4.61
55,Udachnyy,RU,2021-02-06 23:31:41,66.4167,112.4,-35.91,80,0,6.4
56,Rikitea,PF,2021-02-06 23:31:30,-23.1203,-134.9692,78.67,69,100,9.84
57,San Remo,IT,2021-02-06 23:31:44,43.8182,7.7612,57.99,67,20,18.41
58,Bengkulu,ID,2021-02-06 23:31:21,-3.8004,102.2655,76.84,74,100,4.21
59,Tuktoyaktuk,CA,2021-02-06 23:31:46,69.4541,-133.0374,-16.6,76,90,24.16
60,Ler,SS,2021-02-06 23:31:47,8.3018,30.1418,65.03,25,42,6.6
61,Yellowknife,CA,2021-02-06 23:28:45,62.456,-114.3525,-36.0,67,1,3.44
62,Wattegama,LK,2021-02-06 23:31:47,6.7989,81.4808,71.42,94,90,6.53
63,Bethel,US,2021-02-06 23:26:52,41.3712,-73.414,41.0,38,1,5.75
64,Codrington,AU,2021-02-06 23:31:48,-38.2667,141.9667,59.0,68,100,11.81
65,Chlorakas,CY,2021-02-06 23:31:48,34.8042,32.4083,53.6,87,90,4.61
66,Piacabucu,BR,2021-02-06 23:31:48,-10.4056,-36.4344,79.39,81,5,14.65
67,Marawi,PH,2021-02-06 23:31:48,7.9986,124.2928,75.0,86,93,5.99
68,Berlevag,NO,2021-02-06 23:31:39,70.8578,29.0864,26.4,94,100,25.7
69,Lompoc,US,2021-02-06 23:30:53,34.6391,-120.4579,64.0,63,1,14.97
70,Beni,CD,2021-02-06 23:31:49,0.5,29.4667,65.3,70,4,1.34
71,Cape Town,ZA,2021-02-06 23:29:05,-33.9258,18.4232,71.01,78,20,10.36
72,Longyearbyen,SJ,2021-02-06 23:31:49,78.2186,15.6401,19.4,79,75,11.5
73,Portland,US,2021-02-06 23:27:03,45.5234,-122.6762,46.99,87,90,18.41
74,Marystown,CA,2021-02-06 23:30:51,47.1666,-55.1483,37.42,93,100,21.23
75,Elat,IL,2021-02-06 23:31:49,29.5581,34.9482,59.0,77,0,5.93
76,Port-Cartier,CA,2021-02-06 23:31:50,50.0334,-66.8654,30.2,93,100,10.36
77,Fortuna,US,2021-02-06 23:31:50,40.5982,-124.1573,54.0,81,1,17.27
78,Vernon,CA,2021-02-06 23:31:50,50.2581,-119.2691,37.99,87,100,1.14
79,Mahebourg,MU,2021-02-06 23:31:50,-20.4081,57.7,77.0,83,20,3.44
80,Brodick,GB,2021-02-06 23:31:50,55.5754,-5.1472,37.4,81,75,13.8
81,Pathein,MM,2021-02-06 23:31:50,16.7833,94.7333,70.11,88,18,6.02
82,San Quintin,MX,2021-02-06 23:29:10,30.4833,-115.95,64.74,58,0,11.18
83,La Ronge,CA,2021-02-06 23:31:51,55.1001,-105.2842,-20.2,57,85,5.75
84,Pontal Do Parana,BR,2021-02-06 23:31:51,-25.6533,-48.5128,62.01,94,95,13.0
85,Santa Rosa,PH,2021-02-06 23:29:20,14.3122,121.1114,80.01,88,40,7.9
86,Merauke,ID,2021-02-06 23:31:31,-8.4667,140.3333,83.66,75,100,14.23
87,Kavieng,PG,2021-02-06 23:31:38,-2.5744,150.7967,84.74,65,48,1.3
88,Provideniya,RU,2021-02-06 23:31:52,64.3833,-173.3,1.72,89,28,3.65
89,Nikolskoye,RU,2021-02-06 23:31:53,59.7035,30.7861,8.01,85,0,13.42
90,Saint-Philippe,RE,2021-02-06 23:31:53,-21.3585,55.7679,78.8,78,20,3.44
91,Rocha,UY,2021-02-06 23:29:28,-34.4833,-54.3333,65.98,88,0,7.96
92,Mar Del Plata,AR,2021-02-06 23:29:11,-38.0023,-57.5575,64.0,77,20,12.66
93,Conakry,GN,2021-02-06 23:28:12,9.538,-13.6773,80.6,83,40,2.3
94,Bredasdorp,ZA,2021-02-06 23:31:24,-34.5322,20.0403,69.8,68,67,5.75
95,Waw,SS,2021-02-06 23:31:58,7.7029,27.9953,64.45,26,48,6.49
96,Castro,BR,2021-02-06 23:31:21,-24.7911,-50.0119,61.12,92,0,10.29
97,Cermik,TR,2021-02-06 23:31:58,38.1361,39.4493,28.4,100,0,4.61
98,Bushehr,IR,2021-02-06 23:31:58,28.9684,50.8385,63.93,82,97,23.49
99,Dikson,RU,2021-02-06 23:31:58,73.5069,80.5464,-28.52,86,89,9.53
100,Chuy,UY,2021-02-06 23:28:15,-33.6971,-53.4616,69.42,72,0,9.84
101,Nome,US,2021-02-06 23:31:59,64.5011,-165.4064,17.6,79,90,6.91
102,Marquette,US,2021-02-06 23:31:59,46.5333,-87.6335,3.99,57,95,3.0
103,Maldonado,UY,2021-02-06 23:31:59,-34.6667,-54.9167,68.0,88,40,8.05
104,Avarua,CK,2021-02-06 23:31:59,-21.2078,-159.775,86.0,70,69,13.8
105,Carnarvon,AU,2021-02-06 23:31:59,-24.8667,113.6333,80.6,100,24,11.5
106,Fairbanks,US,2021-02-06 23:29:56,64.8378,-147.7164,-5.01,77,90,0.04
107,Brattvag,NO,2021-02-06 23:31:59,62.6002,6.4434,24.8,68,0,5.75
108,Naranjal,EC,2021-02-06 23:32:00,-2.6667,-79.6167,82.0,78,75,3.44
109,Richards Bay,ZA,2021-02-06 23:28:12,-28.783,32.0377,72.81,88,97,7.94
110,Pisco,PE,2021-02-06 23:32:00,-13.7,-76.2167,73.4,78,75,4.61
111,Coihaique,CL,2021-02-06 23:31:39,-45.5752,-72.0662,77.0,23,20,9.22
112,Kavaratti,IN,2021-02-06 23:32:00,10.5669,72.642,81.16,62,12,10.6
113,Saint George,US,2021-02-06 23:32:00,37.1041,-113.5841,62.01,17,1,3.44
114,Bluff,NZ,2021-02-06 23:32:01,-46.6,168.3333,61.34,68,2,6.4
115,Luderitz,NA,2021-02-06 23:32:01,-26.6481,15.1594,69.22,61,0,21.54
116,Chegem,RU,2021-02-06 23:32:01,43.2833,43.1333,32.0,93,90,15.77
117,Sao Filipe,CV,2021-02-06 23:31:33,14.8961,-24.4956,69.66,74,38,14.81
118,Atuona,PF,2021-02-06 23:31:35,-9.8,-139.0333,80.28,76,83,19.39
119,Syracuse,IT,2021-02-06 23:32:01,37.0881,15.2792,57.2,100,90,8.05
120,Caravelas,BR,2021-02-06 23:31:50,-17.7125,-39.2481,77.74,87,100,9.48
121,Quesnel,CA,2021-02-06 23:32:02,52.9999,-122.5029,17.6,73,90,14.97
122,Shubarkuduk,KZ,2021-02-06 23:32:02,49.1447,56.4872,13.57,96,100,11.5
123,Bo Rai,TH,2021-02-06 23:32:03,12.5728,102.5371,72.05,88,33,1.92
124,Lima,PE,2021-02-06 23:28:00,-12.0432,-77.0282,78.01,78,75,6.91
125,Egvekinot,RU,2021-02-06 23:31:50,66.3167,-179.1667,-4.2,79,5,8.43
126,Cap Malheureux,MU,2021-02-06 23:32:03,-19.9842,57.6142,75.99,85,8,3.0
127,Saint-Denis,FR,2021-02-06 23:32:03,48.9167,2.3333,46.0,93,75,5.75
128,Vila Franca Do Campo,PT,2021-02-06 23:31:54,37.7167,-25.4333,60.01,94,75,18.41
129,Hualmay,PE,2021-02-06 23:32:04,-11.0964,-77.6139,71.26,77,88,7.38
130,Waipawa,NZ,2021-02-06 23:32:04,-41.4122,175.5153,72.0,72,98,10.36
131,Vestmannaeyjar,IS,2021-02-06 23:32:04,63.4427,-20.2734,39.34,72,32,28.9
132,Hollins,US,2021-02-06 23:32:04,37.3413,-79.9431,45.0,36,90,4.61
133,Razdolnoye,RU,2021-02-06 23:32:06,43.55,131.9167,3.2,78,45,4.47
134,Tabou,CI,2021-02-06 23:32:02,4.423,-7.3528,79.05,90,17,8.39
135,Deputatskiy,RU,2021-02-06 23:32:06,69.3,139.9,-34.37,84,1,1.7
136,Margate,GB,2021-02-06 23:32:06,51.3813,1.3862,37.99,85,100,7.0
137,Bundaberg,AU,2021-02-06 23:32:06,-24.85,152.35,89.01,51,36,9.22
138,Miri,MY,2021-02-06 23:32:06,4.4148,114.0089,77.0,100,40,3.94
139,Hermiston,US,2021-02-06 23:32:06,45.8404,-119.2895,54.0,47,40,33.38
140,Ponta Do Sol,PT,2021-02-06 23:32:07,32.6667,-17.1,55.0,67,11,1.99
141,Northam,GB,2021-02-06 23:32:07,51.0333,-4.2167,39.0,90,26,5.99
142,Ulaangom,MN,2021-02-06 23:32:07,49.9811,92.0667,-8.45,89,45,2.15
143,Castrovillari,IT,2021-02-06 23:32:07,39.8203,16.2123,48.99,97,93,0.72
144,Paamiut,GL,2021-02-06 23:32:07,61.994,-49.6678,24.26,79,0,4.18
145,Geraldton,AU,2021-02-06 23:30:53,-28.7667,114.6,69.8,83,90,24.16
146,Hambantota,LK,2021-02-06 23:32:08,6.1241,81.1185,76.41,83,96,14.58
147,Barrow,US,2021-02-06 23:32:08,71.2906,-156.7887,-5.8,77,20,12.66
148,Mount Gambier,AU,2021-02-06 23:30:39,-37.8333,140.7667,59.0,77,90,8.05
149,Saint-Leu,RE,2021-02-06 23:32:08,-21.15,55.2833,78.01,61,51,0.2
150,Laguna,US,2021-02-06 23:32:08,38.421,-121.4238,64.99,48,1,4.61
151,Tasiilaq,GL,2021-02-06 23:32:09,65.6145,-37.6368,33.8,60,75,34.52
152,Katsuura,JP,2021-02-06 23:31:45,35.1333,140.3,48.99,61,0,4.61
153,Honningsvag,NO,2021-02-06 23:31:28,70.9821,25.9704,28.18,93,100,24.63
154,Voznesenye,RU,2021-02-06 23:32:09,61.0106,35.4781,10.4,95,100,10.18
155,Upernavik,GL,2021-02-06 23:32:10,72.7868,-56.1549,18.88,76,90,3.6
156,Sokolovo,RU,2021-02-06 23:32:10,52.5318,84.7896,22.95,94,23,7.49
157,Borogontsy,RU,2021-02-06 23:32:10,62.6683,131.1683,-33.74,81,100,3.11
158,Namibe,AO,2021-02-06 23:31:53,-15.1961,12.1522,71.11,79,30,5.1
159,Twin Falls,US,2021-02-06 23:32:11,42.3505,-114.6445,46.99,42,1,17.27
160,Talladega,US,2021-02-06 23:32:11,33.4359,-86.1058,39.2,93,90,5.75
161,La Rioja,ES,2021-02-06 23:32:13,42.25,-2.5,42.8,81,90,5.75
162,Hofn,IS,2021-02-06 23:32:13,64.2539,-15.2082,32.86,91,98,18.59
163,Talnakh,RU,2021-02-06 23:32:13,69.4865,88.3972,-29.15,73,0,2.24
164,Mahon,ES,2021-02-06 23:31:47,39.8885,4.2658,57.2,82,0,6.91
165,Iqaluit,CA,2021-02-06 23:29:29,63.7506,-68.5145,26.6,74,90,20.71
166,Changping,CN,2021-02-06 23:32:14,40.2186,116.2197,35.01,43,0,2.24
167,Porto Novo,BJ,2021-02-06 23:32:14,6.4965,2.6036,84.2,84,40,16.11
168,Tolaga Bay,NZ,2021-02-06 23:32:14,-38.3667,178.3,65.55,58,100,8.37
169,Cabo San Lucas,MX,2021-02-06 23:32:14,22.8909,-109.9124,77.0,56,1,6.91
170,Nizwa,OM,2021-02-06 23:31:51,22.9333,57.5333,51.1,64,0,2.42
171,Half Moon Bay,US,2021-02-06 23:27:28,37.4636,-122.4286,66.2,77,1,13.8
172,Severo-Kurilsk,RU,2021-02-06 23:32:15,50.6789,156.125,22.12,94,99,22.28
173,Dunedin,NZ,2021-02-06 23:32:15,-45.8742,170.5036,66.0,67,1,18.99
174,Airai,TL,2021-02-06 23:32:15,-8.9266,125.4092,68.13,88,82,3.51
175,Boa Vista,BR,2021-02-06 23:32:15,2.8197,-60.6733,86.0,58,20,5.75
176,Maragogi,BR,2021-02-06 23:32:16,-9.0122,-35.2225,78.03,83,61,9.17
177,Landeck,AT,2021-02-06 23:32:16,47.1301,10.5636,37.0,100,90,12.66
178,Lagoa,PT,2021-02-06 23:31:42,39.05,-27.9833,60.04,90,100,25.48
179,Cabuyaro,CO,2021-02-06 23:32:16,4.2817,-72.794,87.15,51,86,6.22
180,Poum,NC,2021-02-06 23:32:16,-20.2333,164.0167,79.95,68,0,4.18
181,Srednekolymsk,RU,2021-02-06 23:32:16,67.45,153.6833,-17.09,83,27,0.54
182,Dharchula,IN,2021-02-06 23:32:16,29.85,80.5333,45.16,42,0,11.79
183,Annau,TM,2021-02-06 23:32:17,37.8876,58.516,50.0,81,90,4.61
184,Tautira,PF,2021-02-06 23:32:17,-17.7333,-149.15,84.2,58,20,16.11
185,Kizlyar,RU,2021-02-06 23:28:51,43.8469,46.715,39.07,72,98,7.27
186,Eureka,US,2021-02-06 23:32:17,40.8021,-124.1637,55.0,74,0,8.01
187,East Stroudsburg,US,2021-02-06 23:29:57,40.9995,-75.1813,37.4,32,24,5.75
188,Progreso,MX,2021-02-06 23:32:17,21.2833,-89.6667,84.2,61,20,6.91
189,Blue Springs,US,2021-02-06 23:32:17,39.0169,-94.2816,19.99,100,90,9.22
190,Norman Wells,CA,2021-02-06 23:32:17,65.282,-126.8329,-27.4,68,75,3.44
191,Chapais,CA,2021-02-06 23:31:33,49.7834,-74.8492,14.0,85,90,9.22
192,Cherskiy,RU,2021-02-06 23:32:18,68.75,161.3,-5.51,80,0,4.85
193,Sao Jose De Mipibu,BR,2021-02-06 23:32:19,-6.0747,-35.2378,80.6,78,40,4.61
194,Kahului,US,2021-02-06 23:32:19,20.8947,-156.47,77.0,50,20,11.5
195,Seoul,KR,2021-02-06 23:29:52,37.5683,126.9778,37.4,100,90,4.61
196,Nuuk,GL,2021-02-06 23:29:46,64.1835,-51.7216,32.0,40,20,16.11
197,Licheng,CN,2021-02-06 23:32:20,23.2955,113.8284,68.0,77,0,4.47
198,Trinidad,BO,2021-02-06 23:32:21,-14.8333,-64.9,86.0,62,75,3.44
199,Pisz,PL,2021-02-06 23:32:21,53.6274,21.8125,-5.8,84,0,2.95
200,Arona,ES,2021-02-06 23:32:21,28.0996,-16.681,61.0,67,40,8.05
201,Shizuishan,CN,2021-02-06 23:32:21,39.2333,106.7694,24.57,85,0,1.95
202,Harau,RO,2021-02-06 23:32:22,45.9,22.95,46.09,78,100,0.85
203,Mims,US,2021-02-06 23:32:22,28.6653,-80.8448,73.4,94,90,4.56
204,Hamilton,US,2021-02-06 23:31:38,39.1834,-84.5333,33.8,47,40,6.91
205,Anloga,GH,2021-02-06 23:32:23,5.7947,0.8973,81.68,85,29,17.54
206,Antofagasta,CL,2021-02-06 23:31:31,-23.65,-70.4,68.0,73,20,12.66
207,Humaita,BR,2021-02-06 23:32:23,-7.5061,-63.0208,75.13,96,100,2.98
208,Purpe,RU,2021-02-06 23:32:23,64.4803,76.6897,-2.74,92,100,16.11
209,Nanortalik,GL,2021-02-06 23:32:23,60.1432,-45.2371,23.5,83,24,9.86
210,Hilo,US,2021-02-06 23:29:17,19.7297,-155.09,80.6,41,1,9.22
211,Vuktyl,RU,2021-02-06 23:32:24,63.8567,57.3094,-20.54,87,100,12.33
212,Grindavik,IS,2021-02-06 23:32:24,63.8424,-22.4338,33.8,64,0,21.85
213,Ondangwa,NA,2021-02-06 23:32:24,-17.9167,15.95,78.46,40,90,10.71
214,Chokurdakh,RU,2021-02-06 23:27:29,70.6333,147.9167,-23.33,87,33,3.31
215,Necochea,AR,2021-02-06 23:32:25,-38.5473,-58.7368,62.01,78,0,5.01
216,Kenai,US,2021-02-06 23:32:25,60.5544,-151.2583,19.0,86,90,8.05
217,Broken Hill,AU,2021-02-06 23:30:44,-31.95,141.4333,66.2,63,40,19.57
218,Bang Rakam,TH,2021-02-06 23:32:25,16.7585,100.1174,66.2,94,0,2.3
219,Lena,ES,2021-02-06 23:32:25,43.1,-5.7333,44.01,87,89,1.7
220,Salalah,OM,2021-02-06 23:32:25,17.0151,54.0924,73.4,68,75,5.75
221,Challapata,BO,2021-02-06 23:32:26,-18.9,-66.7667,57.0,51,97,3.24
222,Honiara,SB,2021-02-06 23:32:26,-9.4333,159.95,78.55,86,100,6.64
223,Vila Velha,BR,2021-02-06 23:32:26,-20.3297,-40.2925,82.99,83,75,8.05
224,Khromtau,KZ,2021-02-06 23:32:26,50.2503,58.4347,6.24,94,99,23.44
225,Velten,DE,2021-02-06 23:32:27,52.6833,13.1833,26.01,52,100,5.01
226,Asfi,MA,2021-02-06 23:31:16,32.2994,-9.2372,55.89,70,46,6.98
227,Ostersund,SE,2021-02-06 23:32:28,63.1792,14.6357,10.4,92,75,5.75
228,Ginda,IN,2021-02-06 23:32:29,30.6945,78.4932,39.96,52,0,6.69
229,Balabac,PH,2021-02-06 23:32:29,7.9868,117.0645,81.16,80,100,15.19
230,Sumenep,ID,2021-02-06 23:32:30,-7.0167,113.8667,79.93,83,7,11.74
231,Strezhevoy,RU,2021-02-06 23:32:19,60.7333,77.5889,33.8,93,90,11.18
232,Ribeira Grande,PT,2021-02-06 23:32:32,38.5167,-28.7,61.05,87,98,22.12
233,Kharp,RU,2021-02-06 23:32:32,66.8014,65.8081,-21.14,81,83,3.83
234,Inhambane,MZ,2021-02-06 23:32:34,-23.865,35.3833,76.93,88,83,7.07
235,Upington,ZA,2021-02-06 23:30:21,-28.4478,21.2561,82.4,34,0,9.22
236,Broome,US,2021-02-06 23:28:14,42.2506,-75.833,26.6,33,1,6.91
237,San Policarpo,PH,2021-02-06 23:32:34,12.1791,125.5072,80.82,84,59,15.43
238,Astoria,US,2021-02-06 23:32:34,46.1879,-123.8313,46.99,93,90,13.8
239,Esperance,AU,2021-02-06 23:32:34,-33.8667,121.9,59.0,100,75,12.66
240,Zhezkazgan,KZ,2021-02-06 23:32:35,47.8043,67.7144,16.81,95,69,16.53
241,Rock Sound,BS,2021-02-06 23:32:35,24.9,-76.2,76.17,87,0,15.03
242,Kapaa,US,2021-02-06 23:32:35,22.0752,-159.319,73.4,49,75,9.22
243,Puerto Escondido,MX,2021-02-06 23:32:35,15.85,-97.0667,84.2,74,75,9.22
244,Borovoy,RU,2021-02-06 23:32:35,55.4333,86.0833,30.2,86,40,11.18
245,Torrevieja,ES,2021-02-06 23:32:35,37.9787,-0.6822,57.99,55,85,5.99
246,Praia,CV,2021-02-06 23:32:35,14.9215,-23.5087,68.0,64,75,23.02
247,Ilulissat,GL,2021-02-06 23:32:36,69.2167,-51.1,23.0,46,7,29.93
248,Hami,CN,2021-02-06 23:32:36,42.8,93.45,30.2,78,22,5.28
249,San Cristobal,VE,2021-02-06 23:32:36,7.7669,-72.225,84.2,61,40,6.91
250,Torbay,CA,2021-02-06 23:31:33,47.6666,-52.7314,43.0,100,90,17.27
251,Pedernales,DO,2021-02-06 23:32:36,18.0384,-71.744,77.76,65,17,14.16
252,Ust-Tsilma,RU,2021-02-06 23:32:36,65.441,52.1498,-30.98,81,93,9.57
253,Klaksvik,FO,2021-02-06 23:32:36,62.2266,-6.589,35.6,60,40,19.57
254,Daru,PG,2021-02-06 23:32:39,-9.0763,143.2092,85.62,68,80,11.65
255,Zholymbet,KZ,2021-02-06 23:32:39,51.7433,71.7122,23.49,94,98,32.59
256,Japura,ID,2021-02-06 23:31:42,-0.3167,102.35,73.18,90,88,1.9
257,Pacific Grove,US,2021-02-06 23:32:03,36.6177,-121.9166,61.0,63,1,3.44
258,Visby,SE,2021-02-06 23:32:41,57.6409,18.296,21.2,79,20,5.75
259,West Wendover,US,2021-02-06 23:32:41,40.7391,-114.0733,57.2,17,1,21.85
260,Maarianhamina,AX,2021-02-06 23:32:41,60.0973,19.9348,10.4,85,87,4.61
261,Saint-Francois,FR,2021-02-06 23:32:41,46.4154,3.9054,46.99,100,75,2.3
262,Bandrele,YT,2021-02-06 23:32:41,-12.9067,45.1914,78.8,89,0,8.05
263,Petropavlovsk-Kamchatskiy,RU,2021-02-06 23:27:46,53.0452,158.6483,26.6,63,75,22.37
264,Morant Bay,JM,2021-02-06 23:32:42,17.8815,-76.4093,82.4,69,20,20.71
265,Mantua,IT,2021-02-06 23:32:42,45.1667,10.7833,48.99,95,100,7.0
266,Balestrand,NO,2021-02-06 23:32:43,61.2076,6.5334,7.0,84,0,1.01
267,Zhangye,CN,2021-02-06 23:32:43,38.9342,100.4517,27.5,66,0,4.23
268,Quatre Cocos,MU,2021-02-06 23:32:43,-20.2078,57.7625,77.0,83,20,3.44
269,Port Lincoln,AU,2021-02-06 23:28:58,-34.7333,135.8667,61.68,69,87,11.23
270,Nishihara,JP,2021-02-06 23:31:42,26.1842,127.7558,68.0,77,75,9.22
271,Panino,RU,2021-02-06 23:32:44,51.6467,40.1346,5.0,72,90,11.18
272,Birin,NP,2021-02-06 23:32:45,26.8865,88.0718,41.31,77,0,5.28
273,Sorong,ID,2021-02-06 23:29:10,-0.8833,131.25,79.97,82,100,2.59
274,Mareeba,AU,2021-02-06 23:32:45,-17.0,145.4333,86.0,74,90,1.14
275,Mayo,US,2021-02-06 23:32:46,38.8876,-76.5119,44.01,61,1,3.44
276,Morro Bay,US,2021-02-06 23:32:03,35.3658,-120.8499,69.01,74,0,1.99
277,Kosino,RU,2021-02-06 23:32:47,58.4127,51.2782,-6.29,90,100,7.72
278,Jaslo,PL,2021-02-06 23:32:47,49.7451,21.4725,24.01,39,100,4.0
279,Sarab,IR,2021-02-06 23:32:47,38.6066,44.9883,33.57,86,25,1.07
280,Nanchang,CN,2021-02-06 23:32:47,28.6833,115.8833,53.29,84,0,3.11
281,Knysna,ZA,2021-02-06 23:32:47,-34.0363,23.0471,66.2,94,90,8.05
282,Mahibadhoo,MV,2021-02-06 23:32:47,3.7833,72.9667,80.94,75,39,11.21
283,Meadow Lake,US,2021-02-06 23:32:48,34.8014,-106.5436,55.99,12,1,12.66
284,Mae Sai,TH,2021-02-06 23:32:48,20.4335,99.8762,68.0,94,35,0.87
285,Verkh-Suetka,RU,2021-02-06 23:32:49,53.3,80.05,28.26,93,61,19.24
286,Isangel,VU,2021-02-06 23:31:41,-19.55,169.2667,86.0,74,20,5.75
287,Balykshi,KZ,2021-02-06 23:32:50,47.0667,51.8667,15.8,79,0,6.71
288,Masumbwe,TZ,2021-02-06 23:32:50,-3.6333,32.1833,66.52,89,100,3.13
289,Grand Gaube,MU,2021-02-06 23:32:50,-20.0064,57.6608,75.99,85,11,3.0
290,Eregli,TR,2021-02-06 23:32:50,37.5133,34.0467,44.04,54,0,1.41
291,Shitanjing,CN,2021-02-06 23:32:51,39.2342,106.3439,23.56,80,0,1.07
292,Tarauaca,BR,2021-02-06 23:30:53,-8.1614,-70.7656,76.1,94,92,1.77
293,Qitaihe,CN,2021-02-06 23:32:52,45.8,130.85,-9.31,89,79,3.22
294,Narsaq,GL,2021-02-06 23:31:20,60.9167,-46.05,20.32,78,36,2.59
295,Komsomolskiy,UZ,2021-02-06 23:32:54,40.4272,71.7189,42.8,49,100,4.61
296,Hirara,JP,2021-02-06 23:32:54,24.8,125.2833,60.8,94,20,2.3
297,Yarkovo,RU,2021-02-06 23:32:54,57.4028,67.0786,31.15,99,100,10.31
298,Maniitsoq,GL,2021-02-06 23:32:54,65.4167,-52.9,28.38,80,0,21.61
299,Pemba,MZ,2021-02-06 23:32:56,-12.974,40.5178,80.6,94,40,4.61
300,Swan Hill,AU,2021-02-06 23:32:56,-35.3378,143.5544,70.84,49,77,11.59
301,Victoria,HK,2021-02-06 23:32:19,22.2855,114.1577,66.0,62,0,7.47
302,Toamasina,MG,2021-02-06 23:32:58,-18.1667,49.3833,77.0,94,20,7.43
303,Gladstone,AU,2021-02-06 23:32:58,-23.85,151.25,86.0,58,23,6.91
304,Xiongzhou,CN,2021-02-06 23:32:58,25.1167,114.3,62.2,69,35,1.86
305,Zittau,DE,2021-02-06 23:32:58,50.9,14.8333,27.0,90,100,5.99
306,Jalu,LY,2021-02-06 23:32:58,29.0331,21.5482,59.11,40,0,8.77
307,Vilyuysk,RU,2021-02-06 23:33:00,63.7553,121.6247,-33.39,83,54,5.61
308,Yaan,NG,2021-02-06 23:33:01,7.3833,8.5667,78.51,18,0,2.37
309,Atikokan,CA,2021-02-06 23:33:01,48.7555,-91.6216,-15.86,86,100,11.12
310,Taoudenni,ML,2021-02-06 23:33:01,22.6783,-3.9836,62.01,31,53,10.92
311,Sechura,PE,2021-02-06 23:33:01,-5.5569,-80.8222,78.55,62,14,17.54
312,Singkang,MY,2021-02-06 23:33:01,2.1006,102.7994,75.2,88,20,8.05
313,Cayenne,GF,2021-02-06 23:30:05,4.9333,-52.3333,77.0,100,75,3.44
314,Dzaoudzi,YT,2021-02-06 23:33:02,-12.7887,45.2699,78.8,89,0,8.05
315,Juneau,US,2021-02-06 23:33:02,58.3019,-134.4197,23.0,50,20,11.5
316,Altayskoye,RU,2021-02-06 23:33:02,51.9533,85.3325,26.01,91,0,9.06
317,Mackenzie,CA,2021-02-06 23:33:04,55.2999,-123.1698,5.0,51,1,6.91
318,Senj,HR,2021-02-06 23:33:04,44.9894,14.9058,55.99,82,90,9.22
319,Tessalit,ML,2021-02-06 23:32:01,20.1986,1.0114,72.14,18,79,13.42
320,North Bend,US,2021-02-06 23:33:04,43.4065,-124.2243,50.0,76,90,3.83
321,Porto Walter,BR,2021-02-06 23:33:04,-8.2686,-72.7439,76.6,87,60,1.54
322,Bilma,NE,2021-02-06 23:33:04,18.6853,12.9164,60.3,28,71,5.26
323,Kudahuvadhoo,MV,2021-02-06 23:33:05,2.6708,72.8944,81.14,77,27,14.12
324,Lishan,CN,2021-02-06 23:33:05,31.8576,113.2951,47.84,68,0,0.38
325,Kangasala,FI,2021-02-06 23:33:05,61.4638,24.076,12.99,92,90,6.91
326,Port Blair,IN,2021-02-06 23:31:58,11.6667,92.75,77.76,78,11,8.32
327,Ojinaga,MX,2021-02-06 23:33:06,29.5667,-104.4167,71.6,8,1,8.05
328,Kattivakkam,IN,2021-02-06 23:33:06,13.2167,80.3167,68.0,94,20,4.29
329,Rapid Valley,US,2021-02-06 23:33:06,44.0625,-103.1463,5.0,72,90,9.22
330,Olafsvik,IS,2021-02-06 23:33:07,64.8945,-23.7142,34.21,82,61,15.26
331,Basar,IN,2021-02-06 23:33:07,27.9833,94.6667,47.37,59,25,2.75
332,Iquique,CL,2021-02-06 23:33:07,-20.2208,-70.1431,73.4,49,0,16.11
333,Nelson Bay,AU,2021-02-06 23:33:08,-32.7167,152.15,79.0,78,13,10.36
334,Makokou,GA,2021-02-06 23:33:08,0.5738,12.8642,71.28,89,72,3.09
335,Sitka,US,2021-02-06 23:33:08,57.0531,-135.33,35.6,60,40,18.41
336,Beringovskiy,RU,2021-02-06 23:33:09,63.05,179.3167,-6.3,89,65,10.94
337,Olinda,BR,2021-02-06 23:33:09,-8.0089,-34.8553,78.8,73,20,5.75
338,Kruisfontein,ZA,2021-02-06 23:33:09,-34.0033,24.7314,66.0,85,22,3.0
339,Havoysund,NO,2021-02-06 23:33:09,70.9963,24.6622,27.55,94,100,21.36
340,Vanimo,PG,2021-02-06 23:33:10,-2.6741,141.3028,81.09,82,98,5.12
341,Beira,MZ,2021-02-06 23:28:49,-19.8436,34.8389,84.2,84,75,3.44
342,Adrar,MR,2021-02-06 23:31:49,20.5022,-10.0711,57.67,39,99,11.05
343,Cascais,PT,2021-02-06 23:33:11,38.6979,-9.4215,53.01,76,26,20.0
344,Nuristan,AF,2021-02-06 23:33:11,35.3,70.8333,21.47,83,7,12.5
345,Luklukan,PH,2021-02-06 23:33:11,14.3254,122.7124,78.12,89,31,8.95
346,Tamsweg,AT,2021-02-06 23:33:12,47.1281,13.811,36.0,91,97,11.1
347,Alice Springs,AU,2021-02-06 23:29:14,-23.7,133.8833,80.01,29,54,16.11
348,San Angelo,US,2021-02-06 23:28:17,31.4638,-100.437,66.2,13,1,16.11
349,Leningradskiy,RU,2021-02-06 23:33:13,69.3833,178.4167,-9.99,74,0,6.04
350,Vostok,RU,2021-02-06 23:31:40,46.4856,135.8833,-8.5,90,100,2.44
351,Bowen,AU,2021-02-06 23:33:13,-20.0167,148.2333,84.2,74,40,6.91
352,Abha,SA,2021-02-06 23:33:13,18.2164,42.5053,48.2,76,0,1.52
353,Jacksonville,US,2021-02-06 23:33:13,30.3322,-81.6556,59.0,100,90,10.36
354,Urumqi,CN,2021-02-06 23:33:14,43.801,87.6005,8.6,85,90,2.24
355,Kingman,US,2021-02-06 23:33:15,35.1894,-114.053,64.4,15,1,3.44
356,Brigantine,US,2021-02-06 23:33:15,39.4101,-74.3646,44.6,39,1,5.75
357,Aksarka,RU,2021-02-06 23:33:15,66.5606,67.7975,-33.83,82,98,20.56
358,Jijiga,ET,2021-02-06 23:33:15,9.35,42.8,58.71,61,11,9.73
359,Faanui,PF,2021-02-06 23:33:15,-16.4833,-151.75,82.62,66,0,10.04
360,Abu Dhabi,AE,2021-02-06 23:29:22,24.4667,54.3667,66.2,68,0,2.3
361,Flinders,AU,2021-02-06 23:33:16,-34.5833,150.8552,75.99,72,1,1.01
362,Port Hardy,CA,2021-02-06 23:31:27,50.6996,-127.4199,44.6,81,75,12.66
363,Acapulco,MX,2021-02-06 23:33:17,16.8634,-99.8901,84.2,61,1,9.22
364,Cockburn Town,TC,2021-02-06 23:31:37,21.4612,-71.1419,77.0,78,40,17.27
365,Nioro,GM,2021-02-06 23:33:17,13.35,-15.75,70.32,29,92,8.68
366,Torremolinos,ES,2021-02-06 23:33:18,36.6204,-4.4998,54.0,87,40,2.3
367,Ferrol,ES,2021-02-06 23:33:18,43.4832,-8.2369,46.99,87,76,1.01
368,Tura,IN,2021-02-06 23:33:18,25.5198,90.2201,56.68,65,100,2.89
369,Ugoofaaru,MV,2021-02-06 23:33:18,5.6667,73.0,81.34,75,6,9.62
370,Bemidji,US,2021-02-06 23:31:03,47.4736,-94.8803,-14.8,64,1,12.66
371,Mattru,SL,2021-02-06 23:31:14,7.6244,-11.8332,76.32,79,87,1.61
372,Yeppoon,AU,2021-02-06 23:33:18,-23.1333,150.7333,86.0,62,81,8.05
373,Pasighat,IN,2021-02-06 23:33:19,28.0667,95.3333,57.4,38,57,3.2
374,Saulkrasti,LV,2021-02-06 23:33:19,57.2622,24.4147,6.8,92,75,1.14
375,Port Moresby,PG,2021-02-06 23:33:20,-9.4431,147.1797,82.4,78,40,11.5
376,Kenora,CA,2021-02-06 23:33:20,49.8167,-94.4337,-16.01,69,75,10.36
377,College,US,2021-02-06 23:29:39,64.8569,-147.8028,-5.01,77,90,0.31
378,San Patricio,US,2021-02-06 23:31:38,28.017,-97.5169,75.2,41,1,13.8
379,Ancud,CL,2021-02-06 23:33:20,-41.8697,-73.8203,73.4,43,0,8.05
380,Belaya Gora,RU,2021-02-06 23:33:20,68.5333,146.4167,-32.51,84,20,1.97
381,Tiksi,RU,2021-02-06 23:33:20,71.6872,128.8694,-25.71,84,100,4.56
382,Almetyevsk,RU,2021-02-06 23:33:21,54.9044,52.3154,-1.66,90,100,15.32
383,Clyde River,CA,2021-02-06 23:31:23,70.4692,-68.5914,-11.2,84,20,2.3
384,Zhanaozen,KZ,2021-02-06 23:33:22,43.3,52.8,32.61,85,40,6.35
385,Brae,GB,2021-02-06 23:33:22,60.3964,-1.353,33.8,60,90,16.11
386,Ayan,RU,2021-02-06 23:33:22,56.45,138.1667,-3.23,90,100,14.85
387,Pontarlier,FR,2021-02-06 23:33:22,46.8333,6.25,45.0,68,94,3.0
388,Inverell,AU,2021-02-06 23:33:22,-29.7833,151.1167,79.0,73,84,3.0
389,Mastic Beach,US,2021-02-06 23:33:22,40.7668,-72.8521,39.2,48,1,10.36
390,Micheweni,TZ,2021-02-06 23:33:23,-4.9667,39.8333,79.57,80,58,6.91
391,Santa Lucia,ES,2021-02-06 23:32:44,27.9117,-15.5407,62.01,72,40,18.41
392,Khani,GE,2021-02-06 23:33:24,41.9563,42.9566,46.4,87,75,9.22
393,Korla,CN,2021-02-06 23:33:24,41.7597,86.1469,24.98,86,0,2.24
394,Vardo,NO,2021-02-06 23:33:24,70.3705,31.1107,27.16,95,100,28.32
395,Hasaki,JP,2021-02-06 23:31:47,35.7333,140.8333,41.0,70,20,4.61
396,Nemuro,JP,2021-02-06 23:33:25,43.3236,145.575,24.57,96,100,11.23
397,Lodja,CD,2021-02-06 23:31:38,-3.4833,23.4333,70.16,89,90,0.87
398,Cravo Norte,CO,2021-02-06 23:33:25,6.3017,-70.2041,86.59,48,94,5.95
399,Elko,US,2021-02-06 23:28:40,41.0002,-115.5012,51.8,25,1,20.71
400,Puerto Leguizamo,CO,2021-02-06 23:33:26,-0.1934,-74.7819,75.25,90,100,2.28
401,General Roca,AR,2021-02-06 23:33:26,-39.0333,-67.5833,89.6,40,0,3.44
402,Ponta Delgada,PT,2021-02-06 23:33:26,37.7333,-25.6667,60.01,94,75,18.41
403,Nyurba,RU,2021-02-06 23:33:26,63.2842,118.3319,-31.09,84,25,2.98
404,Bathsheba,BB,2021-02-06 23:33:26,13.2167,-59.5167,77.0,73,20,17.27
405,Barcelos,PT,2021-02-06 23:32:19,41.5388,-8.6151,44.6,76,0,5.75
406,Linhares,BR,2021-02-06 23:33:27,-19.3911,-40.0722,77.5,80,100,1.99
407,Comodoro Rivadavia,AR,2021-02-06 23:33:27,-45.8667,-67.5,55.4,82,40,13.8
408,Yerbogachen,RU,2021-02-06 23:33:27,61.2767,108.0108,-3.87,91,97,8.01
409,Padang,ID,2021-02-06 23:31:34,-0.9492,100.3543,71.6,88,20,3.44
410,Kununurra,AU,2021-02-06 23:33:27,-15.7667,128.7333,80.6,94,40,4.61
411,Kaeo,NZ,2021-02-06 23:32:01,-35.1,173.7833,69.01,73,99,5.99
412,Koping,SE,2021-02-06 23:33:27,59.514,15.9926,21.0,79,20,6.91
413,Qaqortoq,GL,2021-02-06 23:33:28,60.7167,-46.0333,21.0,81,46,5.79
414,Eyl,SO,2021-02-06 23:30:26,7.9803,49.8164,74.07,82,12,10.54
415,Abashiri,JP,2021-02-06 23:33:28,44.0213,144.2697,19.4,86,75,8.05
416,Carbonia,IT,2021-02-06 23:33:28,39.1672,8.5222,63.0,72,0,16.11
417,Pangody,RU,2021-02-06 23:33:28,65.85,74.4859,-18.33,87,82,15.7
418,Wum,CM,2021-02-06 23:33:28,6.3833,10.0667,67.23,26,0,3.29
419,Grootfontein,NA,2021-02-06 23:31:50,-19.5667,18.1167,68.63,83,100,3.36
420,Pervomayskiy,RU,2021-02-06 23:33:29,53.2485,40.2871,1.0,68,72,10.11
421,La Motte-Servolex,FR,2021-02-06 23:33:29,45.5942,5.8758,48.2,87,75,2.3
422,Kiunga,PG,2021-02-06 23:32:01,-6.1219,141.2906,85.66,64,95,5.99
423,Berestechko,UA,2021-02-06 23:33:29,50.3605,25.1107,10.0,87,99,1.99
424,Mahajanga,MG,2021-02-06 23:33:29,-15.7167,46.3167,78.8,94,40,3.44
425,Villa Carlos Paz,AR,2021-02-06 23:33:31,-31.4241,-64.4978,81.0,60,0,6.91
426,Chadiza,ZM,2021-02-06 23:33:31,-14.0678,32.4392,65.28,98,92,1.25
427,Tara,RU,2021-02-06 23:33:31,56.8944,74.371,31.57,97,100,17.67
428,Morropon,PE,2021-02-06 23:33:32,-5.1822,-79.9689,83.39,48,87,10.45
429,Kropotkin,RU,2021-02-06 23:32:13,45.4375,40.5756,27.73,98,100,6.67
430,Bilibino,RU,2021-02-06 23:33:34,68.0546,166.4372,-5.6,79,0,2.86
431,Conselheiro Pena,BR,2021-02-06 23:33:34,-19.1722,-41.4722,73.94,84,100,1.68
432,Verkhnetulomskiy,RU,2021-02-06 23:33:35,68.6073,31.7962,23.0,86,75,8.95
433,Los Llanos De Aridane,ES,2021-02-06 23:33:35,28.6585,-17.9182,62.6,59,0,12.66
434,Ylojarvi,FI,2021-02-06 23:33:35,61.5563,23.5961,12.2,92,90,6.91
435,Hammerfest,NO,2021-02-06 23:29:57,70.6634,23.6821,26.76,96,100,17.45
436,Aripuana,BR,2021-02-06 23:31:07,-9.1667,-60.6333,73.89,98,99,1.86
437,Rabo De Peixe,PT,2021-02-06 23:33:36,37.8,-25.5833,60.01,94,75,18.41
438,Severodvinsk,RU,2021-02-06 23:33:36,64.5635,39.8302,-4.0,71,40,4.47
439,Vydrino,RU,2021-02-06 23:33:36,51.485,104.8461,11.53,84,71,3.4
440,Tricase,IT,2021-02-06 23:33:36,39.9304,18.3553,59.0,88,75,13.8
441,Doha,QA,2021-02-06 23:32:41,25.2867,51.5333,70.0,78,0,10.36
442,Kovdor,RU,2021-02-06 23:31:15,67.5662,30.4758,16.02,96,98,11.34
443,Lorengau,PG,2021-02-06 23:33:37,-2.0226,147.2712,81.37,80,100,1.7
444,Chengde,CN,2021-02-06 23:33:37,40.9725,117.9361,20.57,81,14,7.27
445,Rio Grande,BR,2021-02-06 23:31:18,-32.035,-52.0986,68.0,91,0,7.2
446,Ahipara,NZ,2021-02-06 23:33:37,-35.1667,173.1667,72.21,58,95,3.67
447,Lucapa,AO,2021-02-06 23:33:37,-8.4192,20.7447,67.78,95,100,2.98
448,Saint Anthony,US,2021-02-06 23:33:37,45.0205,-93.218,-2.2,54,1,17.27
449,Beidao,CN,2021-02-06 23:33:37,34.5686,105.8933,39.11,57,100,1.52
450,Aracati,BR,2021-02-06 23:33:37,-4.5617,-37.7697,79.65,76,6,9.62
451,Aquiles Serdan,MX,2021-02-06 23:33:38,17.7833,-92.2833,86.0,62,1,3.98
452,Fomboni,KM,2021-02-06 23:33:38,-12.28,43.7425,83.61,71,100,7.99
453,Khelyulya,RU,2021-02-06 23:33:38,61.7333,30.6833,12.78,95,99,10.8
454,Burla,IN,2021-02-06 23:33:38,21.5,83.8667,56.93,78,0,5.88
455,Hovd,MN,2021-02-06 23:33:38,48.0056,91.6419,6.76,91,25,1.12
456,Rio Bonito,BR,2021-02-06 23:33:39,-22.7086,-42.6097,77.0,88,90,3.44
457,Oussouye,SN,2021-02-06 23:33:39,12.485,-16.5469,68.0,88,0,2.3
458,Washougal,US,2021-02-06 23:33:39,45.5826,-122.3534,46.99,87,90,18.41
459,Nizhnyaya Omka,RU,2021-02-06 23:33:40,55.4338,74.9426,28.13,97,100,17.94
460,Oktyabrskoye,RU,2021-02-06 23:33:40,43.0645,44.7417,33.8,80,96,4.47
461,Sawakin,SD,2021-02-06 23:33:40,19.1059,37.3321,71.64,68,32,10.65
462,Paita,PE,2021-02-06 23:33:40,-5.0892,-81.1144,80.6,65,0,9.22
463,Jiblah,YE,2021-02-06 23:33:40,13.9216,44.1467,53.82,73,5,2.53
464,Babu,CN,2021-02-06 23:33:41,24.4167,111.5167,63.99,57,0,1.7
465,Obo,CF,2021-02-06 23:33:41,5.3998,26.4869,65.53,26,74,5.91
466,Cairns,AU,2021-02-06 23:31:37,-16.9167,145.7667,86.0,74,90,1.14
467,Mandurah,AU,2021-02-06 23:33:42,-32.55,115.7,64.0,82,100,1.01
468,Teguldet,RU,2021-02-06 23:33:42,57.3064,88.1667,31.1,97,100,8.55
469,Mount Isa,AU,2021-02-06 23:33:42,-20.7333,139.5,75.2,100,90,8.05
470,Ejea De Los Caballeros,ES,2021-02-06 23:33:42,42.1263,-1.1372,48.0,93,100,10.36
471,Asau,RO,2021-02-06 23:33:43,46.4333,26.4,27.0,73,100,3.67
472,Fort-Shevchenko,KZ,2021-02-06 23:33:43,44.5086,50.263,39.45,75,100,9.42
473,Nueva Imperial,CL,2021-02-06 23:33:43,-38.7333,-72.95,64.4,82,0,11.5
474,Champerico,GT,2021-02-06 23:32:36,14.3,-91.9167,87.8,55,20,9.22
475,Mandalgovi,MN,2021-02-06 23:33:43,45.7625,106.2708,4.28,86,0,7.96
476,Charcas,MX,2021-02-06 23:33:43,23.1333,-101.1167,71.76,17,6,8.3
477,Changji,CN,2021-02-06 23:33:43,44.0167,87.3167,8.6,85,90,2.24
478,Kieta,PG,2021-02-06 23:33:44,-6.2167,155.6333,86.38,66,53,8.43
479,Terekli-Mekteb,RU,2021-02-06 23:33:45,44.1671,45.8698,37.6,79,100,5.46
480,Camabatela,AO,2021-02-06 23:33:46,-8.1881,15.375,63.54,100,98,2.28
481,Posse,BR,2021-02-06 23:33:46,-14.0931,-46.3694,66.9,98,100,8.12
482,Camana,PE,2021-02-06 23:33:47,-16.6228,-72.7111,72.16,77,100,4.99
483,Reshetylivka,UA,2021-02-06 23:33:48,49.565,34.0782,10.62,89,53,9.66
484,Coquimbo,CL,2021-02-06 23:33:48,-29.9533,-71.3436,64.4,68,0,10.36
485,Parrita,CR,2021-02-06 23:33:48,9.5201,-84.3225,78.8,61,20,8.05
486,Dustlik,UZ,2021-02-06 23:33:48,40.5247,68.0358,48.99,88,100,7.02
487,Te Anau,NZ,2021-02-06 23:31:49,-45.4167,167.7167,73.13,43,4,3.36
488,Catamarca,AR,2021-02-06 23:32:13,-28.4696,-65.7852,84.0,56,7,7.0
489,Omagari,JP,2021-02-06 23:33:49,39.45,140.4833,32.0,100,75,3.44
490,Guadalajara,MX,2021-02-06 23:30:59,20.6667,-103.3333,82.4,9,20,14.97
491,Mandera,KE,2021-02-06 23:33:49,3.9366,41.867,74.97,66,1,13.76
492,Borisoglebskiy,RU,2021-02-06 23:33:51,57.2586,39.1508,-2.2,78,75,8.95
493,Camalu,MX,2021-02-06 23:33:52,30.85,-116.0667,68.0,38,0,4.0
494,Killarney,IE,2021-02-06 23:33:52,52.05,-9.5167,34.92,91,62,4.34
495,North Battleford,CA,2021-02-06 23:33:52,52.7834,-108.2847,-18.4,69,1,5.75
496,Ordu,TR,2021-02-06 23:33:52,40.9086,37.6845,46.4,71,0,8.57
497,Gold Coast,AU,2021-02-06 23:33:52,-28.0,153.4333,88.0,69,40,10.36
498,Pucallpa,PE,2021-02-06 23:32:00,-8.3791,-74.5539,84.2,70,20,4.61
499,Milyutinskaya,RU,2021-02-06 23:33:52,48.6279,41.6679,21.83,84,98,14.61
500,Havelock,US,2021-02-06 23:33:53,34.8791,-76.9013,46.4,66,90,10.36
501,Gimli,CA,2021-02-06 23:33:53,50.6336,-96.9907,-16.6,58,96,6.91
502,Araripina,BR,2021-02-06 23:33:54,-7.5761,-40.4983,77.18,39,18,7.61
503,Bedele,ET,2021-02-06 23:33:54,8.456,36.353,53.73,47,40,2.13
504,Kang,BW,2021-02-06 23:33:54,-23.6752,22.7876,65.84,93,86,8.55
505,Sterling,US,2021-02-06 23:29:49,39.0062,-77.4286,44.01,39,90,3.29
506,Etchoropo,MX,2021-02-06 23:33:55,26.7667,-109.6667,68.67,42,31,11.74
507,Haselunne,DE,2021-02-06 23:33:55,52.6667,7.4833,30.0,74,100,14.97
508,Sisimiut,GL,2021-02-06 23:33:55,66.9395,-53.6735,21.07,79,11,21.39
509,Salisbury,GB,2021-02-06 23:33:12,51.0693,-1.7957,41.0,100,75,16.11
510,Psebay,RU,2021-02-06 23:33:55,44.1234,40.8107,36.07,84,100,1.12
511,Antalaha,MG,2021-02-06 23:33:55,-14.9003,50.2788,75.02,86,99,3.49
512,Ensenada,MX,2021-02-06 23:31:00,31.8667,-116.6167,60.01,85,0,4.0
513,Maltahohe,NA,2021-02-06 23:33:56,-24.8333,16.9833,73.45,20,0,8.68
514,Opuwo,NA,2021-02-06 23:33:56,-18.0607,13.84,73.65,41,97,4.18
515,Urucui,BR,2021-02-06 23:33:56,-7.2294,-44.5561,75.27,81,99,3.47
516,Kristiansund,NO,2021-02-06 23:33:57,63.1115,7.732,21.2,73,32,2.3
517,Qurbus,TN,2021-02-06 23:33:59,36.8167,10.5687,62.6,45,20,3.44
518,Fort Nelson,CA,2021-02-06 23:33:59,58.8053,-122.7002,-14.8,64,1,3.44
519,Bada,RU,2021-02-06 23:33:59,51.392,109.8717,-2.81,88,86,3.53
520,Bagotville,AU,2021-02-06 23:33:59,-28.9833,153.4167,82.4,65,40,1.14
521,Pevek,RU,2021-02-06 23:34:00,69.7008,170.3133,-5.93,88,31,5.46
522,Kodinsk,RU,2021-02-06 23:34:00,58.6881,99.1844,16.05,96,100,5.99
523,Krasnoselkup,RU,2021-02-06 23:31:59,65.7,82.4667,-10.95,89,99,12.5
524,Gao,ML,2021-02-06 23:34:00,16.6362,1.637,73.09,19,55,9.55
525,Beloha,MG,2021-02-06 23:34:00,-25.1667,45.05,74.5,95,12,4.97
526,Ardakan,IR,2021-02-06 23:34:01,32.31,54.0175,50.0,46,20,4.61
527,Yinchuan,CN,2021-02-06 23:34:01,38.4681,106.2731,29.19,80,1,4.99
528,Toora-Khem,RU,2021-02-06 23:34:01,52.4675,96.11,-1.59,89,63,1.88
529,Chelmsford,GB,2021-02-06 23:34:01,51.7357,0.4696,39.0,97,100,5.01
530,Vung Tau,VN,2021-02-06 23:34:01,10.346,107.0843,75.7,76,83,7.74
531,Canchungo,GW,2021-02-06 23:34:01,12.0672,-16.0333,69.8,56,80,4.61
532,Thakurganj,IN,2021-02-06 23:34:02,26.45,88.1333,54.48,75,18,4.72
533,Staritsa,RU,2021-02-06 23:34:02,56.5075,34.9354,-4.63,90,80,8.32
534,Omsukchan,RU,2021-02-06 23:34:02,62.5333,155.8,-5.03,86,100,5.06
535,Menongue,AO,2021-02-06 23:34:02,-14.6585,17.691,66.07,92,100,3.69
536,Gashua,NG,2021-02-06 23:34:03,12.871,11.0482,64.45,24,97,9.55
537,Dakar,SN,2021-02-06 23:30:03,14.6937,-17.4441,64.4,77,0,13.8
538,Kurilsk,RU,2021-02-06 23:34:03,45.2333,147.8833,18.45,91,100,12.73
539,Paralimni,CY,2021-02-06 23:34:03,35.0375,33.9833,57.0,93,0,3.44
540,Husavik,IS,2021-02-06 23:34:03,66.0449,-17.3389,33.8,69,90,2.3
541,Haikou,CN,2021-02-06 23:34:03,20.0458,110.3417,64.4,100,0,5.77
542,Wufeng,CN,2021-02-06 23:34:03,27.45,104.8333,37.76,90,98,4.07
543,Arkalgud,IN,2021-02-06 23:34:03,12.765,76.0569,59.61,70,53,5.08
544,Tigil,RU,2021-02-06 23:30:31,57.8,158.6667,18.37,92,99,27.94
545,Ziway,ET,2021-02-06 23:34:04,7.9333,38.7167,61.99,73,64,18.39
546,Bawku,GH,2021-02-06 23:34:04,11.0616,-0.2417,81.01,20,0,8.03
547,Charters Towers,AU,2021-02-06 23:34:04,-20.1,146.2667,83.75,63,100,5.5
548,Pangnirtung,CA,2021-02-06 23:34:04,66.1451,-65.7125,24.08,80,85,3.49
549,Haines Junction,CA,2021-02-06 23:30:10,60.7522,-137.5108,-5.8,54,95,2.3
550,Goderich,CA,2021-02-06 23:33:57,43.7501,-81.7165,21.2,63,100,13.8
551,Hurricane,US,2021-02-06 23:34:05,37.1753,-113.2899,60.8,15,1,9.22
552,Constitucion,CL,2021-02-06 23:34:05,-35.3333,-72.4167,58.95,86,23,4.27
553,Marsh Harbour,BS,2021-02-06 23:34:06,26.5412,-77.0636,75.2,84,0,17.18
554,Karpogory,RU,2021-02-06 23:34:06,64.0019,44.4451,-16.24,86,52,9.22
555,Marsaxlokk,MT,2021-02-06 23:32:13,35.8419,14.5431,61.0,94,0,11.5
556,Katangli,RU,2021-02-06 23:34:07,51.7102,143.2326,-1.26,91,100,10.58
557,Matagami,CA,2021-02-06 23:34:07,49.7502,-77.6328,10.4,79,90,8.05
558,Areado,BR,2021-02-06 23:34:08,-21.3586,-46.1456,66.47,92,0,2.57
559,Rongcheng,CN,2021-02-06 23:34:08,30.634,117.8517,50.72,76,27,2.42
560,Dasoguz,TM,2021-02-06 23:34:08,41.8363,59.9666,35.6,93,0,4.61
561,Santa Luzia,BR,2021-02-06 23:34:08,-19.7697,-43.8514,68.0,88,90,6.91
562,Sobolevo,RU,2021-02-06 23:34:08,54.4299,31.8996,-4.09,92,75,8.46
563,Mudanjiang,CN,2021-02-06 23:34:08,44.5833,129.6,-4.5,87,0,3.78
564,Sangin,AF,2021-02-06 23:34:09,32.0728,64.8359,50.95,40,48,3.29
565,Maningrida,AU,2021-02-06 23:34:09,-12.0667,134.2667,80.06,83,100,13.2
566,Arys,KZ,2021-02-06 23:34:09,42.4252,68.795,42.8,93,90,13.42
567,Umm Bab,QA,2021-02-06 23:34:09,25.2142,50.8072,70.0,83,90,11.5
